[{"model": "admin.logentry", "pk": 1, "fields": {"action_time": "2023-02-10T15:45:04.637Z", "user": 1, "content_type": 10, "object_id": "1", "object_repr": "╥хёЄютюх ьхЁюяЁш Єшх", "action_flag": 1, "change_message": "[{\"added\": {}}]"}}, {"model": "admin.logentry", "pk": 2, "fields": {"action_time": "2023-02-10T17:04:40.656Z", "user": 1, "content_type": 12, "object_id": "4", "object_repr": "─рЄр эрўрыр: 02/10/2023 ─рЄр ъюэЎр: 02/01/2026", "action_flag": 2, "change_message": "[{\"changed\": {\"fields\": [\"\\u0414\\u0430\\u0442\\u0430 \\u043d\\u0430\\u0447\\u0430\\u043b\\u0430\"]}}]"}}, {"model": "admin.logentry", "pk": 3, "fields": {"action_time": "2023-02-10T18:43:41.184Z", "user": 1, "content_type": 11, "object_id": "4", "object_repr": "╥хёЄютюх ьхЁюяЁш Єшх: 2024 ╘хтЁры№", "action_flag": 2, "change_message": "[]"}}, {"model": "admin.logentry", "pk": 4, "fields": {"action_time": "2023-02-10T20:57:08.315Z", "user": 1, "content_type": 13, "object_id": "1", "object_repr": "Report object (1)", "action_flag": 1, "change_message": "[{\"added\": {}}]"}}, {"model": "admin.logentry", "pk": 5, "fields": {"action_time": "2023-02-10T20:57:19.793Z", "user": 1, "content_type": 14, "object_id": "1", "object_repr": "ReportImage object (1)", "action_flag": 1, "change_message": "[{\"added\": {}}]"}}, {"model": "admin.logentry", "pk": 6, "fields": {"action_time": "2023-02-11T13:31:53.906Z", "user": 1, "content_type": 4, "object_id": "2", "object_repr": "╬╤ЄєфхэЄ1", "action_flag": 1, "change_message": "[{\"added\": {}}]"}}, {"model": "admin.logentry", "pk": 7, "fields": {"action_time": "2023-02-11T13:32:55.962Z", "user": 1, "content_type": 4, "object_id": "2", "object_repr": "╬╤ЄєфхэЄ1", "action_flag": 2, "change_message": "[{\"changed\": {\"fields\": [\"First name\", \"Email address\"]}}]"}}, {"model": "admin.logentry", "pk": 8, "fields": {"action_time": "2023-02-11T13:36:29.797Z", "user": 1, "content_type": 17, "object_id": "1", "object_repr": "╚эЇюЁьрЎшюээ√х ёшёЄхь√ ш яЁюуЁрььшЁютрэшх", "action_flag": 1, "change_message": "[{\"added\": {}}]"}}, {"model": "admin.logentry", "pk": 9, "fields": {"action_time": "2023-02-11T13:37:15.128Z", "user": 1, "content_type": 15, "object_id": "1", "object_repr": "╤ЄрэфрЁЄэ√щ ╧ЁхяюфртрЄхы№ ╧хЁт√щ", "action_flag": 1, "change_message": "[{\"added\": {}}]"}}, {"model": "admin.logentry", "pk": 10, "fields": {"action_time": "2023-02-11T13:37:17.287Z", "user": 1, "content_type": 16, "object_id": "1", "object_repr": "Group object (1)", "action_flag": 1, "change_message": "[{\"added\": {}}]"}}, {"model": "admin.logentry", "pk": 11, "fields": {"action_time": "2023-02-11T13:38:54.940Z", "user": 1, "content_type": 18, "object_id": "1", "object_repr": "╬с√ўэ√щ ╤ЄєфхэЄ ╧хЁт√щ", "action_flag": 1, "change_message": "[{\"added\": {}}]"}}, {"model": "admin.logentry", "pk": 12, "fields": {"action_time": "2023-02-11T13:40:21.760Z", "user": 1, "content_type": 17, "object_id": "2", "object_repr": "╦юушёЄ√", "action_flag": 1, "change_message": "[{\"added\": {}}]"}}, {"model": "admin.logentry", "pk": 13, "fields": {"action_time": "2023-02-11T13:40:36.136Z", "user": 1, "content_type": 15, "object_id": "2", "object_repr": "╤ЄрэфрЁЄэ√щ ╧ЁхяюфртрЄхы№ ┬ЄюЁющ", "action_flag": 1, "change_message": "[{\"added\": {}}]"}}, {"model": "admin.logentry", "pk": 14, "fields": {"action_time": "2023-02-11T13:40:37.906Z", "user": 1, "content_type": 16, "object_id": "2", "object_repr": "╦211/2", "action_flag": 1, "change_message": "[{\"added\": {}}]"}}, {"model": "admin.logentry", "pk": 15, "fields": {"action_time": "2023-02-11T13:40:59.097Z", "user": 1, "content_type": 4, "object_id": "3", "object_repr": "╬╤ЄєфхэЄ2", "action_flag": 1, "change_message": "[{\"added\": {}}]"}}, {"model": "admin.logentry", "pk": 16, "fields": {"action_time": "2023-02-11T13:41:09.400Z", "user": 1, "content_type": 18, "object_id": "2", "object_repr": "", "action_flag": 1, "change_message": "[{\"added\": {}}]"}}, {"model": "admin.logentry", "pk": 17, "fields": {"action_time": "2023-02-11T13:42:17.319Z", "user": 1, "content_type": 4, "object_id": "3", "object_repr": "╬╤ЄєфхэЄ2", "action_flag": 2, "change_message": "[{\"changed\": {\"fields\": [\"First name\", \"Email address\", \"Staff status\"]}}]"}}, {"model": "admin.logentry", "pk": 18, "fields": {"action_time": "2023-02-11T15:14:52.802Z", "user": 1, "content_type": 3, "object_id": "1", "object_repr": "╠юфхЁрЄюЁ√", "action_flag": 1, "change_message": "[{\"added\": {}}]"}}, {"model": "admin.logentry", "pk": 19, "fields": {"action_time": "2023-02-11T15:15:08.664Z", "user": 1, "content_type": 4, "object_id": "3", "object_repr": "╬╤ЄєфхэЄ2", "action_flag": 2, "change_message": "[{\"changed\": {\"fields\": [\"Groups\"]}}]"}}, {"model": "admin.logentry", "pk": 20, "fields": {"action_time": "2023-02-11T15:24:29.732Z", "user": 1, "content_type": 4, "object_id": "2", "object_repr": "╬╤ЄєфхэЄ1", "action_flag": 2, "change_message": "[{\"changed\": {\"fields\": [\"Groups\"]}}]"}}, {"model": "admin.logentry", "pk": 21, "fields": {"action_time": "2023-02-11T20:45:34.977Z", "user": 1, "content_type": 19, "object_id": "1", "object_repr": "Message object (1)", "action_flag": 1, "change_message": "[{\"added\": {}}]"}}, {"model": "admin.logentry", "pk": 22, "fields": {"action_time": "2023-02-11T20:45:53.554Z", "user": 1, "content_type": 19, "object_id": "2", "object_repr": "Message object (2)", "action_flag": 1, "change_message": "[{\"added\": {}}]"}}, {"model": "admin.logentry", "pk": 23, "fields": {"action_time": "2023-02-11T20:48:13.873Z", "user": 1, "content_type": 19, "object_id": "3", "object_repr": "from ╬╤ЄєфхэЄ1: ╤ыюцэю ёърчрЄ№, яюўхьє ръЄштэю", "action_flag": 1, "change_message": "[{\"added\": {}}]"}}, {"model": "admin.logentry", "pk": 24, "fields": {"action_time": "2023-02-11T22:36:32.796Z", "user": 1, "content_type": 4, "object_id": "1", "object_repr": "mikan", "action_flag": 2, "change_message": "[{\"changed\": {\"fields\": [\"First name\"]}}]"}}, {"model": "admin.logentry", "pk": 25, "fields": {"action_time": "2023-02-12T04:32:21.689Z", "user": 1, "content_type": 18, "object_id": "1", "object_repr": "╬с√ўэ√щ ╤ЄєфхэЄ ╧хЁт√щ", "action_flag": 2, "change_message": "[{\"changed\": {\"fields\": [\"\\u0424\\u043e\\u0442\\u043e \\u043f\\u0440\\u043e\\u0444\\u0438\\u043b\\u044f\"]}}]"}}, {"model": "admin.logentry", "pk": 26, "fields": {"action_time": "2023-02-12T12:58:19.068Z", "user": 1, "content_type": 20, "object_id": "1", "object_repr": "╧юсхфшЄхы№", "action_flag": 1, "change_message": "[{\"added\": {}}]"}}, {"model": "admin.logentry", "pk": 27, "fields": {"action_time": "2023-02-12T12:58:23.633Z", "user": 1, "content_type": 20, "object_id": "2", "object_repr": "╧ЁшчхЁ", "action_flag": 1, "change_message": "[{\"added\": {}}]"}}, {"model": "admin.logentry", "pk": 28, "fields": {"action_time": "2023-02-12T12:58:27.293Z", "user": 1, "content_type": 20, "object_id": "3", "object_repr": "╙ўрёЄэшъ", "action_flag": 1, "change_message": "[{\"added\": {}}]"}}, {"model": "admin.logentry", "pk": 29, "fields": {"action_time": "2023-02-12T12:58:56.280Z", "user": 1, "content_type": 21, "object_id": "1", "object_repr": "Achievement object (1)", "action_flag": 1, "change_message": "[{\"added\": {}}]"}}, {"model": "admin.logentry", "pk": 30, "fields": {"action_time": "2023-02-12T13:12:53.886Z", "user": 1, "content_type": 23, "object_id": "1", "object_repr": "╙ўрёЄэшъ", "action_flag": 1, "change_message": "[{\"added\": {}}]"}}, {"model": "admin.logentry", "pk": 31, "fields": {"action_time": "2023-02-12T13:13:19.781Z", "user": 1, "content_type": 24, "object_id": "1", "object_repr": "─рЄр эрўрыр: 02/10/2023 ─рЄр ъюэЎр: 02/01/2026: ╬с√ўэ√щ ╤ЄєфхэЄ ╧хЁт√щ (╙ўрёЄэшъ)", "action_flag": 1, "change_message": "[{\"added\": {}}]"}}, {"model": "admin.logentry", "pk": 32, "fields": {"action_time": "2023-02-12T14:44:26.202Z", "user": 1, "content_type": 22, "object_id": "1", "object_repr": "╤хЁЄшЇшърЄ", "action_flag": 1, "change_message": "[{\"added\": {}}]"}}, {"model": "admin.logentry", "pk": 33, "fields": {"action_time": "2023-02-12T14:45:41.978Z", "user": 1, "content_type": 25, "object_id": "1", "object_repr": "\"╥хёЄютюх ьхЁюяЁш Єшх: 2024 ╘хтЁры№\": ╬с√ўэ√щ ╤ЄєфхэЄ ╧хЁт√щ (╙ўрёЄэшъ) - ╤хЁЄшЇшърЄ", "action_flag": 1, "change_message": "[{\"added\": {}}]"}}, {"model": "admin.logentry", "pk": 34, "fields": {"action_time": "2023-02-12T14:45:59.401Z", "user": 1, "content_type": 25, "object_id": "2", "object_repr": "\"╥хёЄютюх ьхЁюяЁш Єшх: 2024 ╘хтЁры№\": ╬с√ўэ√щ ╤ЄєфхэЄ ╧хЁт√щ (╙ўрёЄэшъ) - ╤хЁЄшЇшърЄ", "action_flag": 1, "change_message": "[{\"added\": {}}]"}}, {"model": "admin.logentry", "pk": 35, "fields": {"action_time": "2023-02-12T16:11:04.974Z", "user": 1, "content_type": 24, "object_id": "1", "object_repr": "\"╥хёЄютюх ьхЁюяЁш Єшх: 2024 ╘хтЁры№\": ╬с√ўэ√щ ╤ЄєфхэЄ ╧хЁт√щ (╙ўрёЄэшъ)", "action_flag": 2, "change_message": "[]"}}, {"model": "admin.logentry", "pk": 36, "fields": {"action_time": "2023-02-12T16:11:14.564Z", "user": 1, "content_type": 24, "object_id": "2", "object_repr": "\"╫рё ▐эхёъю: 2025 └туєёЄ\": ╬с√ўэ√щ ╤ЄєфхэЄ ┬ЄюЁющ (╙ўрёЄэшъ)", "action_flag": 1, "change_message": "[{\"added\": {}}]"}}, {"model": "admin.logentry", "pk": 37, "fields": {"action_time": "2023-02-12T16:12:07.574Z", "user": 1, "content_type": 25, "object_id": "3", "object_repr": "\"╫рё ▐эхёъю: 2025 └туєёЄ\": ╬с√ўэ√щ ╤ЄєфхэЄ ┬ЄюЁющ (╙ўрёЄэшъ) - ╤хЁЄшЇшърЄ", "action_flag": 1, "change_message": "[{\"added\": {}}]"}}, {"model": "admin.logentry", "pk": 38, "fields": {"action_time": "2023-02-12T16:12:12.128Z", "user": 1, "content_type": 24, "object_id": "2", "object_repr": "\"╫рё ▐эхёъю: 2025 └туєёЄ\": ╬с√ўэ√щ ╤ЄєфхэЄ ┬ЄюЁющ (╙ўрёЄэшъ)", "action_flag": 3, "change_message": ""}}, {"model": "admin.logentry", "pk": 39, "fields": {"action_time": "2023-02-12T16:14:07.885Z", "user": 1, "content_type": 25, "object_id": "2", "object_repr": "\"╥хёЄютюх ьхЁюяЁш Єшх: 2024 ╘хтЁры№\": ╬с√ўэ√щ ╤ЄєфхэЄ ╧хЁт√щ (╙ўрёЄэшъ) - ╤хЁЄшЇшърЄ", "action_flag": 3, "change_message": ""}}, {"model": "admin.logentry", "pk": 40, "fields": {"action_time": "2023-02-12T16:23:24.931Z", "user": 1, "content_type": 24, "object_id": "3", "object_repr": "\"╥хёЄютюх ьхЁюяЁш Єшх: 2023 ╘хтЁры№\": ╬с√ўэ√щ ╤ЄєфхэЄ ╧хЁт√щ (╙ўрёЄэшъ)", "action_flag": 1, "change_message": "[{\"added\": {}}]"}}, {"model": "admin.logentry", "pk": 41, "fields": {"action_time": "2023-02-12T16:31:20.444Z", "user": 1, "content_type": 23, "object_id": "2", "object_repr": "╬ЁурэшчрЄюЁ", "action_flag": 1, "change_message": "[{\"added\": {}}]"}}, {"model": "admin.logentry", "pk": 42, "fields": {"action_time": "2023-02-12T16:31:21.611Z", "user": 1, "content_type": 24, "object_id": "4", "object_repr": "\"╥хёЄютюх ьхЁюяЁш Єшх: 2022 ═ю сЁ№\": ╬с√ўэ√щ ╤ЄєфхэЄ ┬ЄюЁющ (╬ЁурэшчрЄюЁ)", "action_flag": 1, "change_message": "[{\"added\": {}}]"}}, {"model": "admin.logentry", "pk": 43, "fields": {"action_time": "2023-02-12T16:31:38.854Z", "user": 1, "content_type": 21, "object_id": "2", "object_repr": "╘хфхЁрЎш  ╧ЁшчхЁ (55)", "action_flag": 1, "change_message": "[{\"added\": {}}]"}}, {"model": "admin.logentry", "pk": 44, "fields": {"action_time": "2023-02-12T16:31:43.722Z", "user": 1, "content_type": 25, "object_id": "3", "object_repr": "\"╥хёЄютюх ьхЁюяЁш Єшх: 2022 ═ю сЁ№\": ╬с√ўэ√щ ╤ЄєфхэЄ ┬ЄюЁющ (╬ЁурэшчрЄюЁ) - ╤хЁЄшЇшърЄ", "action_flag": 2, "change_message": "[{\"changed\": {\"fields\": [\"\\u0423\\u0447\\u0430\\u0441\\u0442\\u0438\\u0435\", \"\\u0414\\u043e\\u0441\\u0442\\u0438\\u0436\\u0435\\u043d\\u0438\\u0435\"]}}]"}}, {"model": "auth.group", "pk": 1, "fields": {"name": "╠юфхЁрЄюЁ√", "permissions": []}}, {"model": "auth.user", "pk": 1, "fields": {"password": "pbkdf2_sha256$390000$GPj81dO58psMKiQFMNyeeP$otIp3iFN3dReYDPURyrXz7fdSH7fds3C7d9xu2qRwnM=", "last_login": "2023-02-12T23:52:24.096Z", "is_superuser": true, "username": "mikan", "first_name": "└фьшэ", "last_name": "", "email": "", "is_staff": true, "is_active": true, "date_joined": "2023-02-10T15:28:56Z", "groups": [], "user_permissions": [1, 2, 3, 4, 9, 10, 11, 12, 5, 6, 7, 8, 13, 14, 15, 16, 17, 18, 19, 20, 37, 38, 39, 40, 29, 30, 31, 32, 25, 26, 27, 28, 33, 34, 35, 36, 41, 42, 43, 44, 49, 50, 51, 52, 53, 54, 55, 56, 45, 46, 47, 48, 21, 22, 23, 24]}}, {"model": "auth.user", "pk": 2, "fields": {"password": "pbkdf2_sha256$390000$Rj7O4FrCAjte6NKJPo3yvG$OMVnG0s1GtcewAcdrDqMkpnsl2x+YzkPSn7iQu1ewLI=", "last_login": "2023-02-12T23:53:06.993Z", "is_superuser": false, "username": "╬╤ЄєфхэЄ1", "first_name": "╬с√ўэ√щ ╤ЄєфхэЄ ╧хЁт√щ", "last_name": "", "email": "example@ex.com", "is_staff": false, "is_active": true, "date_joined": "2023-02-11T13:31:53Z", "groups": [1], "user_permissions": []}}, {"model": "auth.user", "pk": 3, "fields": {"password": "pbkdf2_sha256$390000$wiLV6V2HRnGrx1CmWLx1Rt$eTC+pBm5A5W5A44PH38hKXV2KzWt3lfY0ekGLhE2Hck=", "last_login": "2023-02-12T23:53:18.193Z", "is_superuser": false, "username": "╬╤ЄєфхэЄ2", "first_name": "╬с√ўэ√щ ╤ЄєфхэЄ ┬ЄюЁющ", "last_name": "", "email": "example@ex.com", "is_staff": true, "is_active": true, "date_joined": "2023-02-11T13:40:58Z", "groups": [1], "user_permissions": []}}, {"model": "sessions.session", "pk": "0432mardobr7ihigi77lv7pnqtb8gvqc", "fields": {"session_data": ".eJxVjM0OwiAQhN-FsyHLP_Xo3Wcgy4JSNZCU9mR8d2nSgyZzmZlv5s0CbmsJW89LmBM7M8FOv1lEeua6F-mB9d44tbouc-Q7wo-282tL-XU52L-Dgr2MtUN9U8JbCQSOdELtnVAxKmn8JAmMUNmBAysINA5imCmZoQTSgGWfL7FHNkA:1pRBv1:DE3Njho2RHIQiZlyPubqpKQfLs2uKCXKbc3OMCwwTPg", "expire_date": "2023-02-26T12:57:23.387Z"}}, {"model": "sessions.session", "pk": "mcpg6gsjfek2fw976auq0mxaakl6oabx", "fields": {"session_data": ".eJxVjEEOwiAQRe_C2hAKDBSX7j0DGRhGqoYmpV0Z765NutDtf-_9l4i4rTVuvSxxInEWRpx-t4T5UdoO6I7tNss8t3WZktwVedAurzOV5-Vw_w4q9vqt2RZvHAOkAVlTDqNhxcFDIlYwqKAzegSgMELSoCwQoLOKrSFwKov3B-rwN6g:1pRM9m:ftkJK3QzeejMp2xI9xkw1nhAmA4dunGuhmcZeEea0vk", "expire_date": "2023-02-26T23:53:18.236Z"}}, {"model": "events.eventtype", "pk": 1, "fields": {"title": "╩тхёЄ"}}, {"model": "events.eventtype", "pk": 2, "fields": {"title": "╩тшч"}}, {"model": "events.eventtype", "pk": 3, "fields": {"title": "╬ышьяшрфр"}}, {"model": "events.eventtype", "pk": 4, "fields": {"title": "╠рёЄхЁ-ъырёё"}}, {"model": "events.eventtype", "pk": 5, "fields": {"title": "╤єссюЄэшъ"}}, {"model": "events.eventlevel", "pk": 1, "fields": {"title": "╩юыыхфц"}}, {"model": "events.eventlevel", "pk": 2, "fields": {"title": "├юЁюф"}}, {"model": "events.eventlevel", "pk": 3, "fields": {"title": "╨хёяєсышър"}}, {"model": "events.eventlevel", "pk": 4, "fields": {"title": "╨хушюэ"}}, {"model": "events.eventlevel", "pk": 5, "fields": {"title": "╘хфхЁрЎш "}}, {"model": "events.eventlevel", "pk": 6, "fields": {"title": "╠хцфєэрЁюфэ√щ"}}, {"model": "events.event", "pk": 1, "fields": {"title": "╥хёЄютюх ьхЁюяЁш Єшх", "description": "┴ыр сыр сыр", "event_type": 3, "event_level": 4, "weorg": false}}, {"model": "events.event", "pk": 2, "fields": {"title": "╫рё ▐эхёъю", "description": "╫Єю-Єю ю ўрёрї ш ■эхёъю", "event_type": 1, "event_level": 1, "weorg": true}}, {"model": "events.month", "pk": 1, "fields": {"title": "▀этрЁ№"}}, {"model": "events.month", "pk": 2, "fields": {"title": "╘хтЁры№"}}, {"model": "events.month", "pk": 3, "fields": {"title": "╠рЁЄ"}}, {"model": "events.month", "pk": 4, "fields": {"title": "└яЁхы№"}}, {"model": "events.month", "pk": 5, "fields": {"title": "╠рщ"}}, {"model": "events.month", "pk": 6, "fields": {"title": "╚■э№"}}, {"model": "events.month", "pk": 7, "fields": {"title": "╚■ы№"}}, {"model": "events.month", "pk": 8, "fields": {"title": "└туєёЄ"}}, {"model": "events.month", "pk": 9, "fields": {"title": "╤хэЄ сЁ№"}}, {"model": "events.month", "pk": 10, "fields": {"title": "╬ъЄ сЁ№"}}, {"model": "events.month", "pk": 11, "fields": {"title": "═ю сЁ№"}}, {"model": "events.month", "pk": 12, "fields": {"title": "─хърсЁ№"}}, {"model": "events.plan", "pk": 3, "fields": {"event": 1, "month": 2, "year": 2023}}, {"model": "events.plan", "pk": 4, "fields": {"event": 1, "month": 2, "year": 2024}}, {"model": "events.plan", "pk": 5, "fields": {"event": 2, "month": 3, "year": 2023}}, {"model": "events.plan", "pk": 6, "fields": {"event": 1, "month": 2, "year": 2023}}, {"model": "events.plan", "pk": 7, "fields": {"event": 2, "month": 8, "year": 2025}}, {"model": "events.plan", "pk": 8, "fields": {"event": 1, "month": 11, "year": 2022}}, {"model": "events.plan", "pk": 9, "fields": {"event": 1, "month": 9, "year": 2024}}, {"model": "events.shedule", "pk": 3, "fields": {"plan": 3, "begin": "2023-02-10", "end": "2023-06-10"}}, {"model": "events.shedule", "pk": 4, "fields": {"plan": 4, "begin": "2023-02-10", "end": "2026-02-01"}}, {"model": "events.shedule", "pk": 5, "fields": {"plan": 5, "begin": "2023-03-01", "end": "2023-03-01"}}, {"model": "events.shedule", "pk": 6, "fields": {"plan": 6, "begin": "2023-02-10", "end": "2023-02-14"}}, {"model": "events.shedule", "pk": 7, "fields": {"plan": 7, "begin": "2025-08-01", "end": "2025-08-01"}}, {"model": "events.shedule", "pk": 8, "fields": {"plan": 8, "begin": "2023-02-11", "end": "2023-02-11"}}, {"model": "events.shedule", "pk": 9, "fields": {"plan": 9, "begin": "2023-01-01", "end": "2024-09-01"}}, {"model": "events.report", "pk": 1, "fields": {"title": "╬ЄўхЄ ю ЁрсюЄх", "shedule": 3, "content": "╤ютЁхьхээ√х Єхїэюыюушш фюёЄшуыш Єръюую єЁютэ , ўЄю ёыюцшт°р ё  ёЄЁєъЄєЁр юЁурэшчрЎшш ёяюёюсёЄтєхЄ яют√°хэш■ ърўхёЄтр ЁрёяЁхфхыхэш  тэєЄЁхээшї ЁхчхЁтют ш ЁхёєЁёют. ╥ръцх ъръ яхЁёяхъЄштэюх яырэшЁютрэшх, т ётю╕ь ъырёёшўхёъюь яЁхфёЄртыхэшш, фюяєёърхЄ тэхфЁхэшх ¤ъёяхЁшьхэЄют, яюЁрцр■∙шї яю ётюхщ ьрё°ЄрсэюёЄш ш уЁрэфшючэюёЄш. ▀ёэюёЄ№ эр°хщ яючшЎшш юўхтшфэр: єъЁхяыхэшх ш ЁрчтшЄшх тэєЄЁхээхщ ёЄЁєъЄєЁ√ ёючфр╕Є яЁхфяюё√ыъш фы  ётюхтЁхьхээюую т√яюыэхэш  ётхЁїчрфрўш. ┬эхчряэю, ёЄюЁюээшъш ЄюЄрышЄрЁшчьр т эрєъх  ты ■Єё  Єюы№ъю ьхЄюфюь яюышЄшўхёъюую єўрёЄш  ш рёёюЎшрЄштэю ЁрёяЁхфхыхэ√ яю юЄЁрёы ь. ╟эрўшьюёЄ№ ¤Єшї яЁюсыхь эрёЄюы№ъю юўхтшфэр, ўЄю ёє∙хёЄтє■∙р  ЄхюЁш   ты хЄё  ърўхёЄтхээю эютющ ёЄєяхэ№■ ъырёЄхЁшчрЎшш єёшышщ. ╠√ т√эєцфхэ√ юЄЄрыъштрЄ№ё  юЄ Єюую, ўЄю єсхцф╕ээюёЄ№ эхъюЄюЁ√ї юяяюэхэЄют яЁхфёЄрты хЄ ёюсющ шэЄхЁхёэ√щ ¤ъёяхЁшьхэЄ яЁютхЁъш т√тюфр Єхъє∙шї ръЄштют. ┼ёЄ№ эрф ўхь чрфєьрЄ№ё : ёЄЁхь ∙шхё  т√ЄхёэшЄ№ ЄЁрфшЎшюээюх яЁюшчтюфёЄтю, эрэюЄхїэюыюушш ыш°№ фюсрты ■Є ЇЁръЎшюээ√ї Ёрчэюуырёшщ ш Ёрчюсырўхэ√! ╧ЁхфтрЁшЄхы№э√х т√тюф√ эхєЄх°шЄхы№э√: т√ёюъюх ърўхёЄтю яючшЎшюээ√ї шёёыхфютрэшщ т чэрўшЄхы№эющ ёЄхяхэш юсєёыютыштрхЄ трцэюёЄ№ эют√ї яЁшэЎшяют ЇюЁьшЁютрэш  ьрЄхЁшры№эю-Єхїэшўхёъющ ш ърфЁютющ срч√.", "created_at": "2023-02-11T08:29:44.319Z", "edited_at": "2023-02-11T09:53:01.926Z"}}, {"model": "events.report", "pk": 2, "fields": {"title": "╥хёЄютюх ьхЁюяЁш Єшх: 2023 ╘хтЁры№", "shedule": 3, "content": "1351912 у9012 1ыЁ2ф3 Ё°12Ё юшы123 юш╕°у3 ш°у╕шюЁ ╕Ёю1ь╕1 3юЁш Ё╕1ш 3ш1╕3ш 12шЁ 3ш╕юЁ12ш 3фЁш╕3 шЁ╕3фЁ ш1фЁ23ш ф╕1 ╕1 3шЁ╕ю13 фЁш1╕ 3ЁшЁ12ш╕3Ё ш13Ёш Ё1╕юЁ3 ь╕1Ёюь 3╕13ь Ё1╕3ю ь12ь3 1╕ьюЁь3 ю12Ёь Ё12 3ьЁ1╕ ь3юЁьф╕1ю 3ь1Ёю2ь 3", "created_at": "2023-02-10T22:51:37.444Z", "edited_at": "2023-02-11T09:51:52.296Z"}}, {"model": "events.report", "pk": 3, "fields": {"title": "╬фэючэрўэю, срчют√х ёЎхэрЁшш яютхфхэш  яюы№чют: 2023 ╘хтЁры№", "shedule": 3, "content": "╬фэючэрўэю, срчют√х ёЎхэрЁшш яютхфхэш  яюы№чютрЄхыхщ т Ёртэющ ёЄхяхэш яЁхфюёЄртыхэ√ ёрьш ёхсх. ┬ Ёрьърї ёяхЎшЇшърЎшш ёютЁхьхээ√ї ёЄрэфрЁЄют, ръЎшюэхЁ√ ъЁєяэхщ°шї ъюьярэшщ, шэшЎшшЁютрээ√х шёъы■ўшЄхы№эю ёшэЄхЄшўхёъш, ётюхтЁхьхээю тхЁшЇшЎшЁютрэ√. ┬юЄ трь  Ёъшщ яЁшьхЁ ёютЁхьхээ√ї ЄхэфхэЎшщ Ч эютр  ьюфхы№ юЁурэшчрЎшюээющ фх Єхы№эюёЄш ёючфр╕Є эхюсїюфшьюёЄ№ тъы■ўхэш  т яЁюшчтюфёЄтхээ√щ яырэ Ўхыюую Ё фр тэхюўхЁхфэ√ї ьхЁюяЁш Єшщ ё єў╕Єюь ъюьяыхъёр ¤ъёяхЁшьхэЄют, яюЁрцр■∙шї яю ётюхщ ьрё°ЄрсэюёЄш ш уЁрэфшючэюёЄш. ═ю ёшэЄхЄшўхёъюх ЄхёЄшЁютрэшх юфэючэрўэю ЇшъёшЁєхЄ эхюсїюфшьюёЄ№ ¤ъюэюьшўхёъющ ЎхыхёююсЁрчэюёЄш яЁшэшьрхь√ї Ёх°хэшщ. ┬ Ўхыюь, ъюэхўэю, ёхьрэЄшўхёъшщ ЁрчсюЁ тэх°эшї яЁюЄштюфхщёЄтшщ яЁхфёЄрты хЄ ёюсющ шэЄхЁхёэ√щ ¤ъёяхЁшьхэЄ яЁютхЁъш ъырёЄхЁшчрЎшш єёшышщ. ┬юЄ трь  Ёъшщ яЁшьхЁ ёютЁхьхээ√ї ЄхэфхэЎшщ Ч ёяыюў╕ээюёЄ№ ъюьрэф√ яЁюЇхёёшюэрыют яЁхъЁрёэю яюфїюфшЄ фы  ЁхрышчрЎшш ¤ъёяхЁшьхэЄют, яюЁрцр■∙шї яю ётюхщ ьрё°ЄрсэюёЄш ш уЁрэфшючэюёЄш. ┴хчєёыютэю, эрўрыю яютёхфэхтэющ ЁрсюЄ√ яю ЇюЁьшЁютрэш■ яючшЎшш эх юёЄрты хЄ °рэёр фы  ёЄрэфрЁЄэ√ї яюфїюфют. ╨ртэ√ь юсЁрчюь, ёюЎшры№эю-¤ъюэюьшўхёъюх ЁрчтшЄшх тыхўхЄ чр ёюсющ яЁюЎхёё тэхфЁхэш  ш ьюфхЁэшчрЎшш ЁрёяЁхфхыхэш  тэєЄЁхээшї ЁхчхЁтют ш ЁхёєЁёют. ╤ фЁєующ ёЄюЁюэ√, ъєЁё эр ёюЎшры№эю-юЁшхэЄшЁютрээ√щ эрЎшюэры№э√щ яЁюхъЄ т√ ты хЄ ёЁюўэє■ яюЄЁхсэюёЄ№ ъырёЄхЁшчрЎшш єёшышщ.", "created_at": "2023-02-10T22:49:56.492Z", "edited_at": "2023-02-11T14:15:46.405Z"}}, {"model": "events.report", "pk": 4, "fields": {"title": "╫рё ▐эхёъю: 2023 ╠рЁЄ", "shedule": 5, "content": "╧ЁюЄштюяюыюцэр  Єюўър чЁхэш  яюфЁрчєьхтрхЄ, ўЄю ¤ыхьхэЄ√ яюышЄшўхёъюую яЁюЎхёёр ьюуєЄ с√Є№ єърчрэ√ ъръ яЁхЄхэфхэЄ√ эр Ёюы№ ъы■ўхт√ї ЇръЄюЁют. ╧Ёшэшьр  тю тэшьрэшх яюърчрЄхыш єёях°эюёЄш, яюёЄю ээ√щ ъюышўхёЄтхээ√щ ЁюёЄ ш ёЇхЁр эр°хщ ръЄштэюёЄш яючтюы хЄ т√яюыэшЄ№ трцэ√х чрфрэш  яю ЁрчЁрсюЄъх яхЁтююўхЁхфэ√ї ЄЁхсютрэшщ. └ х∙╕ ръЎшюэхЁ√ ъЁєяэхщ°шї ъюьярэшщ ш яю ёхщ фхэ№ юёЄр■Єё  єфхыюь ышсхЁрыют, ъюЄюЁ√х црцфєЄ с√Є№ юуЁрэшўхэ√ шёъы■ўшЄхы№эю юсЁрчюь ь√°ыхэш . ╚ьххЄё  ёяюЁэр  Єюўър чЁхэш , уырё ∙р  яЁшьхЁэю ёыхфє■∙хх: срчют√х ёЎхэрЁшш яютхфхэш  яюы№чютрЄхыхщ юётх∙р■Є ўЁхчт√ўрщэю шэЄхЁхёэ√х юёюсхээюёЄш ърЁЄшэ√ т Ўхыюь, юфэръю ъюэъЁхЄэ√х т√тюф√, ЁрчєьххЄё , ЁрёёьюЄЁхэ√ шёъы■ўшЄхы№эю т ЁрчЁхчх ьрЁъхЄшэуют√ї ш Їшэрэёют√ї яЁхфяюё√ыюъ! ╧ютёхфэхтэр  яЁръЄшър яюърч√трхЄ, ўЄю т√ёюъюх ърўхёЄтю яючшЎшюээ√ї шёёыхфютрэшщ юфэючэрўэю юяЁхфхы хЄ ърцфюую єўрёЄэшър ъръ ёяюёюсэюую яЁшэшьрЄ№ ёюсёЄтхээ√х Ёх°хэш  ърёрхью ЁрёяЁхфхыхэш  тэєЄЁхээшї ЁхчхЁтют ш ЁхёєЁёют. ╚фхщэ√х ёююсЁрцхэш  т√ё°хую яюЁ фър, р Єръцх т√ёюъюЄхїэюыюушўэр  ъюэЎхяЎш  юс∙хёЄтхээюую єъырфр ЄЁхсєхЄ юЄ эрё рэрышчр ёююЄтхЄёЄтє■∙шї єёыютшщ ръЄштшчрЎшш. ╤ єў╕Єюь ёыюцшт°хщё  ьхцфєэрЁюфэющ юсёЄрэютъш, тэхфЁхэшх ёютЁхьхээ√ї ьхЄюфшъ юфэючэрўэю ЇшъёшЁєхЄ эхюсїюфшьюёЄ№ ЇюЁь тючфхщёЄтш . ╤ыюцэю ёърчрЄ№, яюўхьє яЁхфяЁшэшьрЄхыш т ёхЄш шэЄхЁэхЄ эхюфэючэрўэ√ ш сєфєЄ єърчрэ√ ъръ яЁхЄхэфхэЄ√ эр Ёюы№ ъы■ўхт√ї ЇръЄюЁют. ▀ёэюёЄ№ эр°хщ яючшЎшш юўхтшфэр: яюёЄю ээ√щ ъюышўхёЄтхээ√щ ЁюёЄ ш ёЇхЁр эр°хщ ръЄштэюёЄш  ты хЄё  ърўхёЄтхээю эютющ ёЄєяхэ№■ шээютрЎшюээ√ї ьхЄюфют єяЁртыхэш  яЁюЎхёёрьш.", "created_at": "2023-02-11T12:46:55.131Z", "edited_at": "2023-02-11T12:46:55.131Z"}}, {"model": "events.report", "pk": 5, "fields": {"title": "╫рё ▐эхёъю: 2025 └туєёЄ", "shedule": 7, "content": "┬ Ўхыюь, ъюэхўэю, фры№эхщ°хх ЁрчтшЄшх Ёрчышўэ√ї ЇюЁь фх Єхы№эюёЄш ЄЁхсєхЄ юЄ эрё рэрышчр сыруюяЁш Єэ√ї яхЁёяхъЄшт. ╥ръшь юсЁрчюь, яюэшьрэшх ёєЄш ЁхёєЁёюёсхЁхур■∙шї Єхїэюыюушщ ёючфр╕Є яЁхфяюё√ыъш фы  ьюфхыш ЁрчтшЄш . ╩рЁЄхы№э√х ёуютюЁ√ эх фюяєёър■Є ёшЄєрЎшш, яЁш ъюЄюЁющ ръЎшюэхЁ√ ъЁєяэхщ°шї ъюьярэшщ яЁшч√тр■Є эрё ъ эют√ь ётхЁ°хэш ь, ъюЄюЁ√х, т ётю■ юўхЁхф№, фюыцэ√ с√Є№ ёьх°рэ√ ё эх єэшъры№э√ьш фрээ√ьш фю ёЄхяхэш ёютхЁ°хээющ эхєчэртрхьюёЄш, шч-чр ўхую тючЁрёЄрхЄ шї ёЄрЄєё схёяюыхчэюёЄш. ╧ЁхфтрЁшЄхы№э√х т√тюф√ эхєЄх°шЄхы№э√: ёыюцшт°р ё  ёЄЁєъЄєЁр юЁурэшчрЎшш яючтюы хЄ т√яюыэшЄ№ трцэ√х чрфрэш  яю ЁрчЁрсюЄъх ¤ъюэюьшўхёъющ ЎхыхёююсЁрчэюёЄш яЁшэшьрхь√ї Ёх°хэшщ. ▀ёэюёЄ№ эр°хщ яючшЎшш юўхтшфэр: ёюЎшры№эю-¤ъюэюьшўхёъюх ЁрчтшЄшх яючтюы хЄ т√яюыэшЄ№ трцэ√х чрфрэш  яю ЁрчЁрсюЄъх яюёЄртыхээ√ї юс∙хёЄтюь чрфрў! ├юёяюфр, яюёЄю ээюх шэЇюЁьрЎшюээю-яЁюярурэфшёЄёъюх юсхёяхўхэшх эр°хщ фх Єхы№эюёЄш ЄЁхсєхЄ юЄ эрё рэрышчр яЁюуЁхёёр яЁюЇхёёшюэры№эюую ёююс∙хёЄтр. ╤ фЁєующ ёЄюЁюэ√, яют√°хэшх єЁютэ  уЁрцфрэёъюую ёючэрэш  яЁхфюяЁхфхы хЄ т√ёюъє■ тюёЄЁхсютрээюёЄ№ яючшЎшщ, чрэшьрхь√ї єўрёЄэшърьш т юЄэю°хэшш яюёЄртыхээ√ї чрфрў. ╧Ёшэшьр  тю тэшьрэшх яюърчрЄхыш єёях°эюёЄш, ёхьрэЄшўхёъшщ ЁрчсюЁ тэх°эшї яЁюЄштюфхщёЄтшщ эх фр╕Є эрь шэюую т√сюЁр, ъЁюьх юяЁхфхыхэш  ёююЄтхЄёЄтє■∙шї єёыютшщ ръЄштшчрЎшш. └ Єръцх ръЄштэю Ёрчтштр■∙шхё  ёЄЁрэ√ ЄЁхЄ№хую ьшЁр Ёрчюсырўхэ√.", "created_at": "2023-02-11T14:18:38.424Z", "edited_at": "2023-02-11T14:18:38.424Z"}}, {"model": "events.report", "pk": 6, "fields": {"title": "╫рё ▐эхёъю: 2023 ╠рЁЄ", "shedule": 5, "content": "123123123", "created_at": "2023-02-11T16:39:31.621Z", "edited_at": "2023-02-11T16:39:31.621Z"}}, {"model": "events.report", "pk": 7, "fields": {"title": "╫рё ▐эхёъю: 2023 ╠рЁЄ", "shedule": 5, "content": "112124ubdhb 1hj el1h2", "created_at": "2023-02-11T16:39:44.045Z", "edited_at": "2023-02-11T16:39:44.045Z"}}, {"model": "events.report", "pk": 8, "fields": {"title": "├ыртэ√щ юЄўхЄ", "shedule": 9, "content": "╩ръ яЁшэ Єю ёўшЄрЄ№, ъы■ўхт√х юёюсхээюёЄш ёЄЁєъЄєЁ√ яЁюхъЄр, шэшЎшшЁютрээ√х шёъы■ўшЄхы№эю ёшэЄхЄшўхёъш, юс· тыхэ√ эрЁє°р■∙шьш юс∙хўхыютхўхёъшх эюЁь√ ¤Єшъш ш ьюЁрыш. ┼ёЄ№ эрф ўхь чрфєьрЄ№ё : фшруЁрьь√ ёт чхщ ш яю ёхщ фхэ№ юёЄр■Єё  єфхыюь ышсхЁрыют, ъюЄюЁ√х црцфєЄ с√Є№ ёьх°рэ√ ё эх єэшъры№э√ьш фрээ√ьш фю ёЄхяхэш ёютхЁ°хээющ эхєчэртрхьюёЄш, шч-чр ўхую тючЁрёЄрхЄ шї ёЄрЄєё схёяюыхчэюёЄш. ┬эхчряэю, ръЄштэю Ёрчтштр■∙шхё  ёЄЁрэ√ ЄЁхЄ№хую ьшЁр ёьх°рэ√ ё эх єэшъры№э√ьш фрээ√ьш фю ёЄхяхэш ёютхЁ°хээющ эхєчэртрхьюёЄш, шч-чр ўхую тючЁрёЄрхЄ шї ёЄрЄєё схёяюыхчэюёЄш. ╥ръшь юсЁрчюь, ёыюцшт°р ё  ёЄЁєъЄєЁр юЁурэшчрЎшш шуЁрхЄ юяЁхфхы ■∙хх чэрўхэшх фы  сыруюяЁш Єэ√ї яхЁёяхъЄшт. ╚ эхЄ ёюьэхэшщ, ўЄю фхщёЄтш  яЁхфёЄртшЄхыхщ юяяючшЎшш яЁхфёЄрты ■Є ёюсющ эх ўЄю шэюх, ъръ ътшэЄ¤ёёхэЎш■ яюсхф√ ьрЁъхЄшэур эрф Ёрчєьюь ш фюыцэ√ с√Є№ чрсыюъшЁютрэ√ т Ёрьърї ётюшї ёюсёЄтхээ√ї ЁрЎшюэры№э√ї юуЁрэшўхэшщ!", "created_at": "2023-02-11T18:40:13.659Z", "edited_at": "2023-02-11T18:55:46.966Z"}}, {"model": "events.report", "pk": 9, "fields": {"title": "╥хёЄютюх ьхЁюяЁш Єшх: 2023 ╘хтЁры№", "shedule": 3, "content": "yewtgnmfhhnf hynd", "created_at": "2023-02-12T03:12:56.608Z", "edited_at": "2023-02-12T03:12:56.608Z"}}, {"model": "events.reportimage", "pk": 7, "fields": {"report": 1, "image": "reports/2023/02/11/ER2.png"}}, {"model": "events.reportimage", "pk": 9, "fields": {"report": 1, "image": "reports/2023/02/11/ER3_OjTYGS9.png"}}, {"model": "events.reportimage", "pk": 10, "fields": {"report": 1, "image": "reports/2023/02/11/╙ўрёЄшх_gAIFerV.png"}}, {"model": "events.reportimage", "pk": 11, "fields": {"report": 1, "image": "reports/2023/02/11/Mikan_avatar_5k_m.webp"}}, {"model": "events.reportimage", "pk": 12, "fields": {"report": 4, "image": "reports/2023/02/11/15490419788540.jpg"}}, {"model": "events.reportimage", "pk": 13, "fields": {"report": 5, "image": "reports/2023/02/11/15490432942390.png"}}, {"model": "events.reportimage", "pk": 14, "fields": {"report": 7, "image": "reports/2023/02/11/ER_nHXKsVT.png"}}, {"model": "events.reportimage", "pk": 15, "fields": {"report": 8, "image": "reports/2023/02/11/ER3_4RU0Uyn.png"}}, {"model": "events.reportimage", "pk": 16, "fields": {"report": 8, "image": "reports/2023/02/11/╙ўрёЄшх_G28dOwI.png"}}, {"model": "events.reportimage", "pk": 17, "fields": {"report": 8, "image": "reports/2023/02/11/ER_V6Innt9.png"}}, {"model": "portfolio.nomination", "pk": 1, "fields": {"title": "╧юсхфшЄхы№"}}, {"model": "portfolio.nomination", "pk": 2, "fields": {"title": "╧ЁшчхЁ"}}, {"model": "portfolio.nomination", "pk": 3, "fields": {"title": "╙ўрёЄэшъ"}}, {"model": "portfolio.achievement", "pk": 1, "fields": {"event_level": 1, "nomination": 1, "score": 10}}, {"model": "portfolio.achievement", "pk": 2, "fields": {"event_level": 5, "nomination": 2, "score": 55}}, {"model": "portfolio.eventrole", "pk": 1, "fields": {"title": "╙ўрёЄэшъ"}}, {"model": "portfolio.eventrole", "pk": 2, "fields": {"title": "╬ЁурэшчрЄюЁ"}}, {"model": "portfolio.activity", "pk": 1, "fields": {"shedule": 4, "student": 1, "event_role": 1}}, {"model": "portfolio.activity", "pk": 4, "fields": {"shedule": 8, "student": 2, "event_role": 2}}, {"model": "portfolio.activity", "pk": 11, "fields": {"shedule": 3, "student": 2, "event_role": 2}}, {"model": "portfolio.activity", "pk": 12, "fields": {"shedule": 3, "student": 1, "event_role": 1}}, {"model": "portfolio.activity", "pk": 13, "fields": {"shedule": 3, "student": 2, "event_role": 1}}, {"model": "portfolio.activity", "pk": 14, "fields": {"shedule": 3, "student": 1, "event_role": 2}}, {"model": "portfolio.documenttype", "pk": 1, "fields": {"title": "╤хЁЄшЇшърЄ"}}, {"model": "portfolio.document", "pk": 1, "fields": {"activity": 1, "document_type": 1, "image": "portfolio/1/9ee46506bd53c89e54168568c0ed9c196c9f7f71_s2_n1.jpg", "achievement": 1, "added_date": "2023-02-12T14:45:41.973Z"}}, {"model": "portfolio.document", "pk": 3, "fields": {"activity": 4, "document_type": 1, "image": "portfolio/2/ьръхЄ_уЁрьюЄ√.png", "achievement": 2, "added_date": "2023-02-12T16:12:07.570Z"}}, {"model": "portfolio.document", "pk": 4, "fields": {"activity": 4, "document_type": 1, "image": "portfolio/2/ьръхЄ_уЁрьюЄ√_7xTikV2.png", "achievement": 1, "added_date": "2023-02-12T23:38:11.721Z"}}, {"model": "portfolio.document", "pk": 5, "fields": {"activity": 4, "document_type": 1, "image": "portfolio/2/ьръхЄ_уЁрьюЄ√_d4SfExO.png", "achievement": 1, "added_date": "2023-02-12T23:39:26.751Z"}}, {"model": "users.specialization", "pk": 1, "fields": {"title": "╚эЇюЁьрЎшюээ√х ёшёЄхь√ ш яЁюуЁрььшЁютрэшх", "code": "09.02.07"}}, {"model": "users.specialization", "pk": 2, "fields": {"title": "╦юушёЄ√", "code": "09.02.07"}}, {"model": "users.curator", "pk": 1, "fields": {"FIO": "╤ЄрэфрЁЄэ√щ ╧ЁхяюфртрЄхы№ ╧хЁт√щ", "number": "+88005553535", "email": "example@ex.com"}}, {"model": "users.curator", "pk": 2, "fields": {"FIO": "╤ЄрэфрЁЄэ√щ ╧ЁхяюфртрЄхы№ ┬ЄюЁющ", "number": "+88005553535", "email": "example@ex.com"}}, {"model": "users.group", "pk": 1, "fields": {"title": "╚╤201/2", "specialization": 1, "curator": 1}}, {"model": "users.group", "pk": 2, "fields": {"title": "╦211/2", "specialization": 2, "curator": 2}}, {"model": "users.student", "pk": 1, "fields": {"group": 1, "birthday": "2001-04-11", "number": "+78005553531", "user": 2, "image": "students/2b_nier_14.jpg"}}, {"model": "users.student", "pk": 2, "fields": {"group": 2, "birthday": "2003-02-11", "number": "+78005553535", "user": 3, "image": "students/2b_nier_7.jpg"}}, {"model": "appeals.message", "pk": 1, "fields": {"user": 2, "content": "╨рчэююсЁрчэ√щ ш сюурЄ√щ юя√Є уютюЁшЄ эрь, ўЄю єъЁхяыхэшх ш ЁрчтшЄшх тэєЄЁхээхщ ёЄЁєъЄєЁ√, т ётю╕ь ъырёёшўхёъюь яЁхфёЄртыхэшш, фюяєёърхЄ тэхфЁхэшх уыєсюъюь√ёыхээ√ї Ёрёёєцфхэшщ. ╟рфрўр юЁурэшчрЎшш, т юёюсхээюёЄш цх тэхфЁхэшх ёютЁхьхээ√ї ьхЄюфшъ тыхўхЄ чр ёюсющ яЁюЎхёё тэхфЁхэш  ш ьюфхЁэшчрЎшш ёЄрэфрЁЄэ√ї яюфїюфют. ▀ты  ё№ тёхую ыш°№ ўрёЄ№■ юс∙хщ ърЁЄшэ√, ЁхяышЎшЁютрээ√х ё чрЁєсхцэ√ї шёЄюўэшъют, ёютЁхьхээ√х шёёыхфютрэш   ты ■Єё  Єюы№ъю ьхЄюфюь яюышЄшўхёъюую єўрёЄш  ш ёьх°рэ√ ё эх єэшъры№э√ьш фрээ√ьш фю ёЄхяхэш ёютхЁ°хээющ эхєчэртрхьюёЄш, шч-чр ўхую тючЁрёЄрхЄ шї ёЄрЄєё схёяюыхчэюёЄш. ▀ёэюёЄ№ эр°хщ яючшЎшш юўхтшфэр: тэхфЁхэшх ёютЁхьхээ√ї ьхЄюфшъ яЁхфёЄрты хЄ ёюсющ шэЄхЁхёэ√щ ¤ъёяхЁшьхэЄ яЁютхЁъш ъырёЄхЁшчрЎшш єёшышщ. ╨ртэ√ь юсЁрчюь, ёхьрэЄшўхёъшщ ЁрчсюЁ тэх°эшї яЁюЄштюфхщёЄтшщ ёяюёюсёЄтєхЄ яют√°хэш■ ърўхёЄтр ётюхтЁхьхээюую т√яюыэхэш  ётхЁїчрфрўш.", "by_moderator": false, "sended_at": "2023-02-11T20:45:34.955Z"}}, {"model": "appeals.message", "pk": 2, "fields": {"user": 2, "content": "└ Єръцх  тэ√х яЁшчэръш яюсхф√ шэёЄшЄєЎшюэрышчрЎшш сєфєЄ юс· тыхэ√ эрЁє°р■∙шьш юс∙хўхыютхўхёъшх эюЁь√ ¤Єшъш ш ьюЁрыш. ┬эхчряэю, эхяюёЁхфёЄтхээ√х єўрёЄэшъш Єхїэшўхёъюую яЁюуЁхёёр ьюуєЄ с√Є№ юс·хфшэхэ√ т Ўхы√х ъырёЄхЁ√ ёхсх яюфюсэ√ї. ▀ёэюёЄ№ эр°хщ яючшЎшш юўхтшфэр: ¤ъюэюьшўхёър  яютхёЄър ёхуюфэ °эхую фэ  ЄЁхсєхЄ юяЁхфхыхэш  ш єЄюўэхэш  ётюхтЁхьхээюую т√яюыэхэш  ётхЁїчрфрўш! ┬ ётю╕ь ёЄЁхьыхэшш яют√ёшЄ№ ърўхёЄтю цшчэш, юэш чрс√тр■Є, ўЄю єсхцф╕ээюёЄ№ эхъюЄюЁ√ї юяяюэхэЄют эх юёЄрты хЄ °рэёр фы  ётюхтЁхьхээюую т√яюыэхэш  ётхЁїчрфрўш. ▀ёэюёЄ№ эр°хщ яючшЎшш юўхтшфэр: эрўрыю яютёхфэхтэющ ЁрсюЄ√ яю ЇюЁьшЁютрэш■ яючшЎшш яЁхфюёЄрты хЄ °шЁюъшх тючьюцэюёЄш фы  ЇюЁь тючфхщёЄтш .", "by_moderator": true, "sended_at": "2023-02-11T20:45:53.553Z"}}, {"model": "appeals.message", "pk": 3, "fields": {"user": 2, "content": "╤ыюцэю ёърчрЄ№, яюўхьє ръЄштэю Ёрчтштр■∙шхё  ёЄЁрэ√ ЄЁхЄ№хую ьшЁр ш яю ёхщ фхэ№ юёЄр■Єё  єфхыюь ышсхЁрыют, ъюЄюЁ√х црцфєЄ с√Є№ яЁхтЁр∙хэ√ т яюёьх°ш∙х, їюЄ  ёрью шї ёє∙хёЄтютрэшх яЁшэюёшЄ эхёюьэхээє■ яюы№чє юс∙хёЄтє. ╟рфрўр юЁурэшчрЎшш, т юёюсхээюёЄш цх ъюэёєы№ЄрЎш  ё °шЁюъшь ръЄштюь юсхёяхўштрхЄ ръЄєры№эюёЄ№ ЁрёяЁхфхыхэш  тэєЄЁхээшї ЁхчхЁтют ш ЁхёєЁёют. ▀ты  ё№ тёхую ыш°№ ўрёЄ№■ юс∙хщ ърЁЄшэ√, яЁхфяЁшэшьрЄхыш т ёхЄш шэЄхЁэхЄ ЇюЁьшЁє■Є уыюсры№эє■ ¤ъюэюьшўхёъє■ ёхЄ№ ш яЁш ¤Єюь Ч ЇєэъЎшюэры№эю Ёрчэхёхэ√ эр эхчртшёшь√х ¤ыхьхэЄ√. ╥ръцх ъръ ъєЁё эр ёюЎшры№эю-юЁшхэЄшЁютрээ√щ эрЎшюэры№э√щ яЁюхъЄ яЁхфюяЁхфхы хЄ т√ёюъє■ тюёЄЁхсютрээюёЄ№ ёшёЄхь√ юсєўхэш  ърфЁют, ёююЄтхЄёЄтє■∙хщ эрёє∙э√ь яюЄЁхсэюёЄ ь. ▀ты  ё№ тёхую ыш°№ ўрёЄ№■ юс∙хщ ърЁЄшэ√, ръЄштэю Ёрчтштр■∙шхё  ёЄЁрэ√ ЄЁхЄ№хую ьшЁр юяшёрэ√ ьръёшьры№эю яюфЁюсэю.", "by_moderator": false, "sended_at": "2023-02-11T20:48:13.872Z"}}, {"model": "appeals.message", "pk": 4, "fields": {"user": 2, "content": "test", "by_moderator": false, "sended_at": "2023-02-11T21:58:03.401Z"}}, {"model": "appeals.message", "pk": 5, "fields": {"user": 2, "content": "╥хёЄ", "by_moderator": false, "sended_at": "2023-02-11T22:01:55.115Z"}}, {"model": "appeals.message", "pk": 6, "fields": {"user": 2, "content": "123123", "by_moderator": false, "sended_at": "2023-02-11T22:03:06.273Z"}}, {"model": "appeals.message", "pk": 7, "fields": {"user": 2, "content": "123123", "by_moderator": false, "sended_at": "2023-02-11T22:03:08.965Z"}}, {"model": "appeals.message", "pk": 8, "fields": {"user": 2, "content": "124124124", "by_moderator": false, "sended_at": "2023-02-11T22:03:14.519Z"}}, {"model": "appeals.message", "pk": 9, "fields": {"user": 2, "content": "124124124", "by_moderator": false, "sended_at": "2023-02-11T22:09:18.081Z"}}, {"model": "appeals.message", "pk": 10, "fields": {"user": 2, "content": "124124124", "by_moderator": false, "sended_at": "2023-02-11T22:09:19.488Z"}}, {"model": "appeals.message", "pk": 11, "fields": {"user": 2, "content": "124124124", "by_moderator": false, "sended_at": "2023-02-11T22:09:28.699Z"}}, {"model": "appeals.message", "pk": 12, "fields": {"user": 2, "content": "124124124", "by_moderator": false, "sended_at": "2023-02-11T22:09:36.893Z"}}, {"model": "appeals.message", "pk": 13, "fields": {"user": 2, "content": "test", "by_moderator": false, "sended_at": "2023-02-11T22:09:46.763Z"}}, {"model": "appeals.message", "pk": 14, "fields": {"user": 1, "content": "sd", "by_moderator": false, "sended_at": "2023-02-11T22:20:06.357Z"}}, {"model": "appeals.message", "pk": 15, "fields": {"user": 1, "content": "sd", "by_moderator": false, "sended_at": "2023-02-11T22:23:39.618Z"}}, {"model": "appeals.message", "pk": 16, "fields": {"user": 1, "content": "sd", "by_moderator": false, "sended_at": "2023-02-11T22:23:46.601Z"}}, {"model": "appeals.message", "pk": 17, "fields": {"user": 1, "content": "sd", "by_moderator": false, "sended_at": "2023-02-11T22:25:25.804Z"}}, {"model": "appeals.message", "pk": 18, "fields": {"user": 1, "content": "123123", "by_moderator": false, "sended_at": "2023-02-11T22:25:38.359Z"}}, {"model": "appeals.message", "pk": 19, "fields": {"user": 1, "content": "Yeas", "by_moderator": true, "sended_at": "2023-02-11T22:36:55.079Z"}}, {"model": "appeals.message", "pk": 20, "fields": {"user": 1, "content": "1231312", "by_moderator": true, "sended_at": "2023-02-12T16:17:53.627Z"}}, {"model": "appeals.message", "pk": 21, "fields": {"user": 1, "content": "1231312", "by_moderator": true, "sended_at": "2023-02-12T16:18:45.855Z"}}, {"model": "appeals.message", "pk": 22, "fields": {"user": 2, "content": "Yeas", "by_moderator": true, "sended_at": "2023-02-12T16:19:48.570Z"}}, {"model": "appeals.message", "pk": 23, "fields": {"user": 1, "content": "123", "by_moderator": false, "sended_at": "2023-02-12T16:19:57.955Z"}}]
